,Extracted Area_JHB,Extracted Area_JHBCode,Extracted listing agency,Extracted listing agencyCode,Extracted Type,Extracted TypeCode,Extracted Available Month,Extracted Available MonthCode
0,None,72, None,58,None,1,None,9
1,None,72, None,58,None,1,None,9
2,None,72, None,58,None,1,None,9
3,None,72, None,58,None,1,None,9
4,None,72, None,58,None,1,None,9
5,None,72, None,58,None,1,None,9
6,None,72, None,58,None,1,None,9
7,None,72, None,58,None,1,None,9
8,None,72, None,58,None,1,None,9
9,None,72, None,58,None,1,None,9
10,None,72, None,58,None,1,None,9
11,None,72, None,58,None,1,None,9
12,None,72, None,58,None,1,None,9
13,None,72, None,58,None,1,None,9
14,None,72, None,58,None,1,None,9
15,None,72, None,58,None,1,None,9
16,None,72, None,58,None,1,None,9
17,None,72, None,58,None,1,None,9
18,None,72, None,58,None,1,None,9
19,None,72, None,58,None,1,None,9
20,None,72, None,58,None,1,None,9
21,None,72, None,58,None,1,None,9
22,None,72, None,58,None,1,None,9
23,None,72, None,58,None,1,None,9
24,None,72, None,58,None,1,None,9
25,None,72, None,58,None,1,None,9
26,None,72, None,58,None,1,None,9
27,None,72, Beds,12,None,1,None,9
28,None,72, None,58,None,1,None,9
29,None,72, None,58,None,1,None,9
30,None,72, None,58,None,1,None,9
31,None,72, None,58,None,1,None,9
32,None,72, None,58,None,1,None,9
33,None,72, None,58,None,1,None,9
34,None,72, None,58,None,1,None,9
35,None,72, None,58,None,1,None,9
36,None,72, None,58,None,1,None,9
37,None,72, None,58,None,1,None,9
38,None,72, None,58,None,1,None,9
39,None,72, None,58,None,1,None,9
40,None,72, None,58,None,1,None,9
41,City & Suburban,18, Mafadi Property Management Office,52,Apartment,0,March,7
42,None,72, None,58,None,1,None,9
43,Killarney,47, CP Inc Realtors,16,Apartment,0,February,3
44,Fairmount,30, Russell Fisher Properties,85,Townhouse,2,May,8
45,Rosebank,94, Frankie Bell's Real Estate,36,Apartment,0,April,0
46,None,72, None,58,None,1,None,9
47,None,72, None,58,None,1,None,9
48,South Hills,100, ,0,Townhouse,2,None,9
49,Craighall Park,23, Vered Estates,97,Apartment,0,April,0
50,None,72, None,58,None,1,None,9
51,None,72, ,0,None,1,None,9
52,None,72, None,58,None,1,None,9
53,Jeppestown,40, iThemba Property,103,Apartment,0,April,0
54,Parkview,85, Zareena Kara Properties,101,Townhouse,2,April,0
55,Oaklands,75, Sotheby's International Realty - Craighall,90,Apartment,0,March,7
56,None,72, None,58,None,1,None,9
57,Johannesburg Central,41, Mafadi Property Management Office,52,Apartment,0,March,7
58,Johannesburg Central,41, Framework Property Services,35,Apartment,0,April,0
59,None,72,  ,1,None,1,None,9
60,Melrose,56, Firzt Realty Company Firzt Realty Company,34,Apartment,0,January,4
61,Kensington,45, Rental,83,Townhouse,2,February,3
62,Jeppestown,40, iThemba Property,103,Apartment,0,April,0
63,Mondeor,63, CSi Property Group,17,Apartment,0,May,8
64,None,72, None,58,None,1,None,9
65,Craighall,22, Firzt Realty Company Firzt Realty Company,34,Apartment,0,January,4
66,Bassonia,5, PropertyCloud,72,Townhouse,2,March,7
67,Newlands,70, Property Shop,67,Townhouse,2,May,8
68,None,72, None,58,None,1,None,9
69,None,72,Townhouse to rent in Glenhazel - Johannesburg,116,None,1,None,9
70,Killarney,47, Key Location,46,Apartment,0,May,8
71,Sydenham,102, You Realty,100,Apartment,0,February,3
72,None,72, None,58,None,1,None,9
73,Bezuidenhout Valley,8, Trafalgar Property Management,93,Apartment,0,March,7
74,Parkhurst,82, Rental,83,Apartment,0,April,0
75,Melrose Arch,57, Rental,83,Apartment,0,April,0
76,Killarney,47, Rental,83,Apartment,0,February,3
77,None,72, None,58,None,1,None,9
78,Rosettenville,95, Framework Property Services,35,Apartment,0,May,8
79,Vrededorp,108, Rental,83,Apartment,0,February,3
80,Waverley,109, Russell Fisher Properties,85,Apartment,0,March,7
81,None,72,  ,1,None,1,None,9
82,Craighall Park,23, RE/MAX Executive Group - Dainfern,76,Apartment,0,February,3
83,None,72, None,58,None,1,None,9
84,Rosettenville,95, Framework Property Services,35,Apartment,0,May,8
85,Johannesburg Central,41, Framework Property Services,35,Apartment,0,March,7
86,Corlett Gardens,20, You Realty,100,Townhouse,2,March,7
87,None,72,  ,1,None,1,None,9
88,Melrose North,59, Vered Estates,97,Apartment,0,January,4
89,Westcliff,110, Rental,83,Apartment,0,January,4
90,Rosebank,94, Rental,83,Apartment,0,March,7
91,None,72, None,58,None,1,None,9
92,Melrose North,59, Rawson Properties Florida,79,Apartment,0,April,0
93,Winchester Hills,113, Boss Platinum Real Estate,14,Apartment,0,February,3
94,Auckland Park,4, National Letting - Johannesburg,55,Apartment,0,November,10
95,Braamfontein,13, Seeff - Johannesburg Central,86,Apartment,0,February,3
96,None,72, None,58,None,1,None,9
97,None,72, None,58,None,1,None,9
98,Hillbrow,38, Trafalgar Property Management,93,Apartment,0,March,7
99,Braamfontein,13, Seeff - Johannesburg Central,86,Apartment,0,February,3
100,Observatory,76, Sotheby's International Realty - Craighall,90,Apartment,0,April,0
101,Bassonia,5, PropertyCloud,72,Townhouse,2,February,3
102,Rosebank,94, RE/MAX Advantage,75,Apartment,0,April,0
103,None,72, None,58,None,1,None,9
104,Westcliff,110, Rent - A - Property,82,Apartment,0,April,0
105,Westcliff,110, Rent - A - Property,82,Townhouse,2,April,0
106,None,72, None,58,None,1,None,9
107,Killarney,47, Infinite Property Network Dynamyx,40,Apartment,0,January,4
108,Parkview,85, Etchells & Young Property Brokers,32,Apartment,0,October,11
109,Rosebank,94, You Realty,100,Apartment,0,April,0
110,Melrose,56, Firzt Realty Company Firzt Realty Company,34,Apartment,0,February,3
111,Melrose,56, Firzt Realty Company Firzt Realty Company,34,Apartment,0,January,4
112,Parktown,83, Rowcor Properties Eleanor Jacobs,84,Apartment,0,April,0
113,Melrose Arch,57, PropertyTime,73,Apartment,0,March,7
114,Glenvista,35, Lencar Exclusive Properties,50,Townhouse,2,February,3
115,Jeppestown,40, iThemba Property,103,Apartment,0,April,0
116,None,72, None,58,None,1,None,9
117,Houghton Estate,39, Property.Coza - Bryanston/Lonehill,71,Townhouse,2,March,7
118,Ridgeway,89, Astrodon Real Estate Rentals,10,Apartment,0,February,3
119,New Doornfontein,68, Quorum Property Group,74,Apartment,0,November,10
120,None,72,  ,1,None,1,None,9
121,Houghton Estate,39, Adrienne Hersch Properties,4,Townhouse,2,April,0
122,Houghton Estate,39, Adrienne Hersch Properties,4,Townhouse,2,April,0
123,Linksfield,51, You Realty,100,Apartment,0,February,3
124,Yeoville,114, Trafalgar Property Management,93,Apartment,0,March,7
125,None,72, None,58,None,1,None,9
126,Houghton Estate,39, Rental,83,Apartment,0,April,0
127,Ormonde,80, Vartrust Real Estate,96,Townhouse,2,February,3
128,Glenvista,35, Boss Platinum Real Estate,14,Apartment,0,February,3
129,Braamfontein,13, Nkosi Property Group Office,57,Apartment,0,January,4
130,Rosebank,94, Etchells & Young Property Brokers,32,Apartment,0,December,2
131,None,72, None,58,None,1,None,9
132,None,72, None,58,None,1,None,9
133,Johannesburg Central,41, Mafadi Property Management Office,52,Apartment,0,March,7
134,Eltonhill,29, Vered Estates,97,Apartment,0,March,7
135,Winchester Hills,113, Harcourts Falcons,38,Townhouse,2,March,7
136,Killarney,47, Sotheby's International Realty - Craighall,90,Apartment,0,October,11
137,Rosettenville,95, Framework Property Services,35,Apartment,0,January,4
138,None,72, None,58,None,1,None,9
139,Lenasia South,48, Rental,83,Apartment,0,April,0
140,None,72, None,58,None,1,None,9
141,Johannesburg Central,41, Mafadi Property Management Office,52,Apartment,0,January,4
142,None,72,  ,1,None,1,None,9
143,None,72, None,58,None,1,None,9
144,Meredale,61, IHS Property Management,39,Apartment,0,May,8
145,None,72, None,58,None,1,None,9
146,Houghton Estate,39, Silver Property Group,88,Apartment,0,January,4
147,New Doornfontein,68, Jawitz Johannesburg North,43,Apartment,0,January,4
148,Johannesburg Central,41, Rental,83,Apartment,0,February,3
149,None,72, None,58,None,1,None,9
150,None,72,Apartment / flat to rent in Orchards - Johannesburg,111,None,1,None,9
151,Auckland Park,4, National Letting - Johannesburg,55,Apartment,0,November,10
152,Glenhazel,34, You Realty,100,Apartment,0,February,3
153,None,72,  ,1,None,1,None,9
154,Melrose Arch,57, Rental,83,Apartment,0,March,7
155,Haddon,36, Trafalgar Property Management,93,Apartment,0,April,0
156,Alan Manor,1, Rental,83,Apartment,0,March,7
157,Johannesburg Central,41, Framework Property Services,35,Apartment,0,None,9
158,None,72, None,58,None,1,None,9
159,Birnam,10, Property.CoZa - Fourways,68,Apartment,0,March,7
160,None,72, None,58,None,1,None,9
161,None,72, None,58,None,1,None,9
162,None,72,  ,1,None,1,None,9
163,None,72,Townhouse to rent in Houghton Estate - Johannesburg,117,None,1,None,9
164,Rosebank,94, Chas Everitt Hyde Park,20,Apartment,0,November,10
165,None,72, None,58,None,1,None,9
166,Hillbrow,38, Mafadi Property Management Office,52,Apartment,0,March,7
167,None,72,  ,1,None,1,None,9
168,Rosebank,94, RE/MAX Advantage,75,Apartment,0,April,0
169,None,72, None,58,None,1,None,9
170,Bosmont,12, Rental,83,Apartment,0,March,7
171,Craighall,22, Frankie Bell's Real Estate,36,Apartment,0,April,0
172,Houghton Estate,39, Alan Becker Properties,5,Apartment,0,August,1
173,Rosebank,94, Renprop Residential,81,Apartment,0,May,8
174,Melrose,56, Tyson Properties Fourways,94,Apartment,0,June,6
175,Braamfontein,13, Seeff - Johannesburg Central,86,Apartment,0,February,3
176,None,72, None,58,None,1,None,9
177,None,72, None,58,None,1,None,9
178,Braamfontein,13, Seeff - Johannesburg Central,86,Apartment,0,February,3
179,Melrose,56, Silver Property Group,88,Apartment,0,February,3
180,Linmeyer,52, Lencar Exclusive Properties,50,Townhouse,2,February,3
181,None,72,  ,1,None,1,None,9
182,Killarney,47, Rental,83,Apartment,0,April,0
183,Craighall Park,23, Silver Property Group,88,Apartment,0,November,10
184,None,72, None,58,None,1,None,9
185,Johannesburg Central,41, Trafalgar Property Management,93,Apartment,0,January,4
186,Glenvista,35, Lencar Exclusive Properties,50,Apartment,0,January,4
187,None,72,  ,1,None,1,None,9
188,None,72,  ,1,None,1,None,9
189,Mondeor,63, CSi Property Group,17,Apartment,0,April,0
190,Dunkeld West,28, You Realty,100,Apartment,0,April,0
191,Melrose,56, Russell Fisher Properties,85,Apartment,0,February,3
192,Kensington,45, Rental,83,Apartment,0,March,7
193,None,72,  ,1,None,1,None,9
194,Berea,7, Trafalgar Property Management,93,Apartment,0,February,3
195,Liefde En Vrede,49, Lencar Exclusive Properties,50,Townhouse,2,May,8
196,None,72,Apartment / flat to rent in Kensington - Johannesburg,110,None,1,None,9
197,Parktown North,84, Russell Fisher Properties,85,Apartment,0,March,7
198,Crosby,24, Rental,83,Apartment,0,February,3
199,None,72,Apartment / flat to rent in Bramley - Johannesburg,105,None,1,None,9
200,Rosebank,94, Chas Everitt Hyde Park,20,Apartment,0,February,3
201,Yeoville,114, Trafalgar Property Management,93,Apartment,0,April,0
202,Bramley,16, Engel & Volkers Hyde Park,30,Apartment,0,January,4
203,Craighall Park,23, Trafalgar Property Management,93,Apartment,0,January,4
204,None,72,  ,1,None,1,None,9
205,Maboneng,53, Jawitz Johannesburg North,43,Apartment,0,April,0
206,None,72, None,58,None,1,None,9
207,Melrose North,59, Rental,83,Apartment,0,February,3
208,Parkwood,86, Vered Estates,97,Apartment,0,February,3
209,Waverley,109, Adrienne Hersch Properties,4,Apartment,0,January,4
210,Glenvista,35, Lencar Exclusive Properties,50,Townhouse,2,June,6
211,Waverley,109, Chas Everitt Hyde Park,20,Townhouse,2,November,10
212,Braamfontein,13, Seeff - Johannesburg Central,86,Apartment,0,December,2
213,Hillbrow,38, Mamela Estates,53,Apartment,0,December,2
214,Yeoville,114, Mafadi Property Management Office,52,Apartment,0,March,7
215,South Hills,100, AFHCO Africa Housing Company,3,Apartment,0,November,10
216,None,72, None,58,None,1,None,9
217,None,72,Apartment / flat to rent in Sandringham - Johannesburg,113,None,1,None,9
218,Houghton Estate,39, Engel & Volkers Hyde Park,30,Apartment,0,February,3
219,Melrose Arch,57, Frankie Bell's Real Estate,36,Apartment,0,April,0
220,Meredale,61, CSi Property Group,17,Townhouse,2,April,0
221,Malvern,54, Trafalgar Property Management,93,Apartment,0,January,4
222,Johannesburg Central,41, IHS Property Management,39,Apartment,0,May,8
223,None,72, None,58,None,1,None,9
224,Rosebank,94, Jawitz Johannesburg North,43,Apartment,0,March,7
225,Linksfield,51, Jawitz Bedfordview,41,Apartment,0,March,7
226,None,72, None,58,None,1,None,9
227,Craighall,22, Engel & Volkers Hyde Park,30,Apartment,0,April,0
228,Johannesburg Central,41, Mafadi Property Management Office,52,Apartment,0,January,4
229,None,72,  ,1,None,1,None,9
230,Oaklands,75, Chas Everitt Hyde Park,20,Apartment,0,January,4
231,"Liefde En Vrede - Johannesburg; RE/MAX, Superior",50, ,0,Apartment,0,None,9
232,Johannesburg Central,41, Gaylin Estates,37,Townhouse,2,January,4
233,Braamfontein,13, Seeff - Johannesburg Central,86,Apartment,0,February,3
234,Maboneng,53, Lukhanyo Property,51,Apartment,0,March,7
235,Houghton Estate,39, Silver Property Group,88,Apartment,0,September,12
236,Melrose North,59, Rental,83,Townhouse,2,April,0
237,Houghton Estate,39, Firzt Realty Company Firzt Realty Company,34,Apartment,0,February,3
238,None,72, Beds,12,None,1,None,9
239,None,72, None,58,None,1,None,9
240,None,72, None,58,None,1,None,9
241,Marshalltown,55, Trafalgar Property Management,93,Apartment,0,February,3
242,Melrose Arch,57, CLE Properties,15,Apartment,0,February,3
243,None,72, None,58,None,1,None,9
244,"Forest Hill - Johannesburg; RE/MAX, Superior",32, ,0,Apartment,0,None,9
245,South Hills,100, ,0,Apartment,0,None,9
246,Albertville,2, ,0,Apartment,0,None,9
247,Oaklands,75, Engel & Volkers Hyde Park,30,Apartment,0,March,7
248,None,72,  ,1,None,1,None,9
249,Ormonde,80, PropertyCloud,72,Townhouse,2,April,0
250,None,72, None,58,None,1,None,9
251,None,72, None,58,None,1,None,9
252,None,72, None,58,None,1,None,9
253,Newtown,71, Seeff - Johannesburg Central,86,Apartment,0,December,2
254,None,72,  ,1,None,1,None,9
255,Berea,7, Mamela Estates,53,Apartment,0,November,10
256,Winchester Hills,113, ,0,Townhouse,2,None,9
257,Maboneng,53, Century 21 Alberton,18,Apartment,0,July,5
258,Roodepoort,92, Rental,83,Apartment,0,March,7
259,Melville,60, ,0,Apartment,0,None,9
260,"Liefde En Vrede - Johannesburg; RE/MAX, Superior",50, ,0,Apartment,0,None,9
261,None,72,  ,1,None,1,None,9
262,None,72, None,58,None,1,None,9
263,Johannesburg Central,41, Redcon Property Management,80,Apartment,0,May,8
264,Braamfontein,13, Seeff - Johannesburg Central,86,Apartment,0,February,3
265,Houghton Estate,39, Zareena Kara Properties,101,Apartment,0,April,0
266,Sydenham,102, Rowcor Properties Eleanor Jacobs,84,Apartment,0,April,0
267,Dunkeld West,28, Infinite Property Network Dynamyx,40,Apartment,0,January,4
268,Hillbrow,38, Framework Property Services,35,Apartment,0,April,0
269,Houghton Estate,39, Firzt Realty Company Firzt Realty Company,34,Apartment,0,January,4
270,None,72,Apartment / flat to rent in Orchards - Johannesburg,111,None,1,None,9
271,None,72, None,58,None,1,None,9
272,Oakdene,74, IHS Property Management,39,Apartment,0,April,0
273,None,72,  ,1,None,1,None,9
274,None,72, None,58,None,1,None,9
275,Mulbarton,66, Allegiance Properties - JHB South,6,Apartment,0,November,10
276,Oaklands,75, Firzt Realty Company Firzt Realty Company,34,Townhouse,2,December,2
277,Johannesburg Central,41, Trafalgar Property Management,93,Apartment,0,January,4
278,Orange Grove,78, Jawitz Bedfordview,41,Apartment,0,November,10
279,Kensington,45, Trafalgar Property Management,93,Apartment,0,April,0
280,Mondeor,63, 2LetNow - JHB,2,Apartment,0,March,7
281,Auckland Park,4, Skye Letting,89,Apartment,0,February,3
282,None,72,Apartment / flat to rent in Robertsham - Johannesburg,112,None,1,None,9
283,None,72, None,58,None,1,None,9
284,Saxonwold,99, Firzt Realty Company Firzt Realty Company,34,Apartment,0,December,2
285,Norwood,73, Rental,83,Apartment,0,March,7
286,Johannesburg Central,41, You Realty,100,Apartment,0,February,3
287,"Turffontein - Johannesburg; RE/MAX, Superior",106, ,0,Apartment,0,None,9
288,Melrose North,59, You Realty,100,Apartment,0,April,0
289,Marshalltown,55, Redcon Property Management,80,Apartment,0,May,8
290,Rosebank,94, Chas Everitt Hyde Park,20,Apartment,0,March,7
291,Ormonde,80, Allegiance Properties - JHB South,6,Townhouse,2,March,7
292,None,72, None,58,None,1,None,9
293,Houghton Estate,39, Firzt Realty Company Firzt Realty Company,34,Apartment,0,January,4
294,None,72,  ,1,None,1,None,9
295,Richmond,88, National Letting - Johannesburg,55,Apartment,0,November,10
296,None,72, None,58,None,1,None,9
297,Mondeor,63, PropertyCloud,72,Townhouse,2,February,3
298,None,72,  ,1,None,1,None,9
299,Waverley,109, Adrienne Hersch Properties,4,Apartment,0,January,4
300,Johannesburg Central,41, AFHCO Africa Housing Company,3,Apartment,0,February,3
301,Johannesburg Central,41, Mafadi Property Management Office,52,Apartment,0,March,7
302,Johannesburg Central,41, Mafadi Property Management Office,52,Apartment,0,February,3
303,None,72, None,58,None,1,None,9
304,Booysens,11, Redcon Property Management,80,Apartment,0,October,11
305,None,72, None,58,None,1,None,9
306,Mondeor,63, Rental,83,Townhouse,2,March,7
307,Killarney,47, Russell Fisher Properties,85,Apartment,0,March,7
308,Johannesburg Central,41, Redcon Property Management,80,Apartment,0,April,0
309,Waverley,109, CP Inc Realtors,16,Apartment,0,February,3
310,None,72, None,58,None,1,None,9
311,Orange Grove,78, Jawitz Bedfordview,41,Apartment,0,March,7
312,Dunkeld West,28, Kent Gush Properties,45,Apartment,0,February,3
313,None,72, None,58,None,1,None,9
314,None,72,Apartment / flat to rent in Johannesburg Central - Johannesburg,109,None,1,None,9
315,None,72,Townhouse to rent in Auckland Park - Johannesburg,115,None,1,None,9
316,Observatory,76, Sotheby's International Realty - Craighall,90,Apartment,0,April,0
317,Auckland Park,4, Skye Letting,89,Apartment,0,March,7
318,Ophirton,77, Redcon Property Management,80,Apartment,0,May,8
319,None,72,  ,1,None,1,None,9
320,Craighall,22, Firzt Realty Company Firzt Realty Company,34,Apartment,0,January,4
321,None,72, Beds,12,None,1,None,9
322,None,72, None,58,None,1,None,9
323,Rosebank,94, Frankie Bell's Real Estate,36,Apartment,0,April,0
324,None,72,Apartment / flat to rent in Braamfontein - Johannesburg,104,None,1,None,9
325,None,72,  ,1,None,1,None,9
326,None,72, None,58,None,1,None,9
327,Houghton Estate,39, Infinite Property Network Dynamyx,40,Apartment,0,April,0
328,Ridgeway,89, Property.CoZa - Sandton,70,Townhouse,2,November,10
329,Hillbrow,38, Trafalgar Property Management,93,Apartment,0,January,4
330,Rosebank,94, Chas Everitt Hyde Park,20,Apartment,0,November,10
331,Highlands North,37, Trafalgar Property Management,93,Apartment,0,March,7
332,Berea,7, iThemba Property,103,Apartment,0,April,0
333,Bellevue,6, Framework Property Services,35,Apartment,0,April,0
334,None,72, None,58,None,1,None,9
335,Auckland Park,4, Gaylin Estates,37,Apartment,0,March,7
336,None,72,  ,1,None,1,None,9
337,Ormonde,80, Astrodon Real Estate Rentals,10,Apartment,0,May,8
338,Parkhurst,82, Engel & Volkers Hyde Park,30,Apartment,0,December,2
339,None,72,  ,1,None,1,None,9
340,Sandringham,98, Jawitz Bedfordview,41,Townhouse,2,April,0
341,Rosebank,94, Tyson Properties Fourways,94,Apartment,0,June,6
342,Auckland Park,4, Skye Letting,89,Apartment,0,February,3
343,None,72,  ,1,None,1,None,9
344,Norwood,73, Rental,83,Apartment,0,January,4
345,Auckland Park,4, Skye Letting,89,Apartment,0,February,3
346,Sydenham,102, Rental,83,Apartment,0,March,7
347,Dunkeld West,28, Jawitz Johannesburg North,43,Apartment,0,April,0
348,Winchester Hills,113, Xoliswa Tini Properties - Gauteng,99,Apartment,0,September,12
349,Houghton Estate,39, CP Inc Realtors,16,Apartment,0,March,7
350,Rosebank,94, Etchells & Young Property Brokers,32,Apartment,0,October,11
351,South Hills,100, ,0,Apartment,0,None,9
352,None,72, None,58,None,1,None,9
353,Berea,7, Trafalgar Property Management,93,Apartment,0,March,7
354,None,72, None,58,None,1,None,9
355,Winchester Hills,113, Allegiance Properties - JHB South,6,Townhouse,2,February,3
356,Park Central,81, Rowcor Properties Eleanor Jacobs,84,Apartment,0,March,7
357,None,72, Beds,12,None,1,None,9
358,None,72,  ,1,None,1,None,9
359,Turffontein,105, Landstar Property Solutions,47,Apartment,0,October,11
360,Moffat View,62, Natrent Rentals,56,Townhouse,2,May,8
361,None,72, None,58,None,1,None,9
362,Berea,7, Trafalgar Property Management,93,Apartment,0,March,7
363,Montgomery Park,65, Property Runners and Rent Runners Pty Ltd,66,Apartment,0,May,8
364,Berea,7, Trafalgar Property Management,93,Apartment,0,March,7
365,None,72, None,58,None,1,None,9
366,Berea,7, Mamela Estates,53,Apartment,0,January,4
367,None,72, None,58,None,1,None,9
368,Killarney,47, You Realty,100,Apartment,0,January,4
369,None,72, Beds,12,None,1,None,9
370,None,72, None,58,None,1,None,9
371,Parkview,85, Zareena Kara Properties,101,Apartment,0,March,7
372,Johannesburg Central,41, AFHCO Africa Housing Company,3,Apartment,0,October,11
373,Craighall Park,23, Infinite Property Network Dynamyx,40,Apartment,0,May,8
374,Oakdene,74, ,0,Townhouse,2,None,9
375,Rosebank,94, Silver Property Group,88,Apartment,0,November,10
376,None,72, None,58,None,1,None,9
377,Saxonwold,99, Chas Everitt Hyde Park,20,Apartment,0,November,10
378,None,72, None,58,None,1,None,9
379,Auckland Park,4, Skye Letting,89,Townhouse,2,February,3
380,Johannesburg Central,41, Trafalgar Property Management,93,Apartment,0,January,4
381,Rosebank,94, Chas Everitt Hyde Park,20,Apartment,0,October,11
382,None,72, None,58,None,1,None,9
383,Maboneng,53, Clipper Properties,23,Apartment,0,November,10
384,South Hills,100, AFHCO Africa Housing Company,3,Apartment,0,April,0
385,None,72,  ,1,None,1,None,9
386,Newlands,70, Trafalgar Property Management,93,Apartment,0,March,7
387,Norwood,73, Zareena Kara Properties,101,Apartment,0,January,4
388,Maboneng,53, Jawitz Bedfordview,41,Apartment,0,November,10
389,Johannesburg Central,41, Mafadi Property Management Office,52,Apartment,0,April,0
390,Killarney,47, Vered Estates,97,Apartment,0,March,7
391,Berea,7, iThemba Property,103,Apartment,0,April,0
392,Johannesburg Central,41, Sotheby's International Realty - Craighall,90,Apartment,0,September,12
393,Johannesburg Central,41, AFHCO Africa Housing Company,3,Apartment,0,March,7
394,Kensington,45, Rental,83,Apartment,0,February,3
395,Johannesburg Central,41, Trafalgar Property Management,93,Apartment,0,January,4
396,South Hills,100, AFHCO Africa Housing Company,3,Apartment,0,April,0
397,Glenvista,35, Dormehl Phalane Property Group Meyersdal,27,Apartment,0,January,4
398,Craighall,22, Rent - A - Property,82,Apartment,0,April,0
399,Fairmount,30, Jawitz Bedfordview,41,Apartment,0,March,7
400,Houghton Estate,39, Trafalgar Property Management,93,Apartment,0,January,4
401,Johannesburg Central,41, Mafadi Property Management Office,52,Apartment,0,March,7
402,Killarney,47, CP Inc Realtors,16,Apartment,0,February,3
403,None,72,  ,1,None,1,None,9
404,None,72, None,58,None,1,None,9
405,Johannesburg Central,41, AFHCO Africa Housing Company,3,Apartment,0,July,5
406,Braamfontein,13, Nkosi Property Group Office,57,Apartment,0,January,4
407,Melrose,56, You Realty,100,Townhouse,2,November,10
408,Roodepoort,92, Posh Estates,65,Apartment,0,February,3
409,Auckland Park,4, Skye Letting,89,Apartment,0,February,3
410,Bassonia,5, PropertyCloud,72,Townhouse,2,December,2
411,None,72, None,58,None,1,None,9
412,Melrose,56, Jawitz Johannesburg North,43,Apartment,0,March,7
413,Auckland Park,4, Skye Letting,89,Apartment,0,February,3
414,Braamfontein Werf,14, Rental,83,Apartment,0,March,7
415,None,72, None,58,None,1,None,9
416,Rosebank,94, You Realty,100,Apartment,0,February,3
417,Johannesburg Central,41, Framework Property Services,35,Apartment,0,April,0
418,None,72, None,58,None,1,None,9
419,Sandringham,98, Infinite Property Network Dynamyx,40,Apartment,0,August,1
420,Riviera,90, Chas Everitt Hyde Park,20,Apartment,0,January,4
421,Riviera,90, Chas Everitt Hyde Park,20,Apartment,0,January,4
422,Waverley,109, You Realty,100,Apartment,0,October,11
423,Newclare,69, Rental,83,Apartment,0,March,7
424,Braamfontein,13, Mafadi Property Management Office,52,Apartment,0,February,3
425,Maboneng,53, Jawitz Johannesburg North,43,Apartment,0,March,7
426,"Forest Hill - Johannesburg; RE/MAX, Superior",32, ,0,Apartment,0,None,9
427,Dunkeld,27, Chas Everitt Hyde Park,20,Apartment,0,November,10
428,Rosettenville,95, Lencar Exclusive Properties,50,Apartment,0,February,3
429,Doornfontein,26, Mafadi Property Management Office,52,Apartment,0,January,4
430,Rosebank,94, Etchells & Young Property Brokers,32,Apartment,0,February,3
431,Dunkeld West,28, Engel & Volkers Hyde Park,30,Apartment,0,January,4
432,Killarney,47, Rowcor Properties Eleanor Jacobs,84,Apartment,0,March,7
433,None,72,  ,1,None,1,None,9
434,None,72,  ,1,None,1,None,9
435,Rosebank,94, Etchells & Young Property Brokers,32,Apartment,0,July,5
436,Rosebank,94, Etchells & Young Property Brokers,32,Apartment,0,July,5
437,Braamfontein,13, Seeff - Johannesburg Central,86,Apartment,0,December,2
438,Kensington,45, Vartrust Real Estate,96,Apartment,0,January,4
439,Hillbrow,38, Framework Property Services,35,Apartment,0,May,8
440,City & Suburban,18, iThemba Property,103,Apartment,0,April,0
441,None,72, None,58,None,1,None,9
442,None,72, None,58,None,1,None,9
443,Bassonia,5, ,0,Townhouse,2,None,9
444,Hillbrow,38, Trafalgar Property Management,93,Apartment,0,March,7
445,Marshalltown,55, Trafalgar Property Management,93,Apartment,0,April,0
446,Dunkeld,27, Dogon Group Sandton,26,Apartment,0,January,4
447,None,72, None,58,None,1,None,9
448,None,72, None,58,None,1,None,9
449,None,72, Beds,12,None,1,None,9
450,South Hills,100, AFHCO Africa Housing Company,3,Apartment,0,April,0
451,None,72, None,58,None,1,None,9
452,None,72,Apartment / flat to rent in Glenanda - Johannesburg,107,None,1,None,9
453,Mondeor,63, ,0,Townhouse,2,None,9
454,The Hill,104, ,0,Townhouse,2,None,9
455,Auckland Park,4, National Letting - Johannesburg,55,Apartment,0,November,10
456,Johannesburg Central,41, Sotheby's International Realty - Craighall,90,Apartment,0,October,11
457,Maboneng,53, Lukhanyo Property,51,Apartment,0,January,4
458,None,72, None,58,None,1,None,9
459,None,72,  ,1,None,1,None,9
460,Ormonde,80, Natrent Rentals,56,Apartment,0,April,0
461,None,72,  ,1,None,1,None,9
462,Berea,7, iThemba Property,103,Apartment,0,April,0
463,Bassonia,5, Lencar Exclusive Properties,50,Townhouse,2,February,3
464,Riviera,90, Chas Everitt Hyde Park,20,Apartment,0,January,4
465,Joubert Park,43, Mamela Estates,53,Apartment,0,April,0
466,Houghton Estate,39, Seeff Sandton,87,Apartment,0,January,4
467,None,72,  ,1,None,1,None,9
468,None,72,  ,1,None,1,None,9
469,None,72, None,58,None,1,None,9
470,None,72,  ,1,None,1,None,9
471,Westcliff,110, Zareena Kara Properties,101,Apartment,0,March,7
472,Berea,7, iThemba Property,103,Apartment,0,April,0
473,Marshalltown,55, Redcon Property Management,80,Apartment,0,May,8
474,None,72, None,58,None,1,None,9
475,Fordsburg,31, Urban Link JHB Zone 1,95,Apartment,0,October,11
476,Berea,7, Trafalgar Property Management,93,Apartment,0,March,7
477,City & Suburban,18, Urban Link JHB Zone 1,95,Apartment,0,December,2
478,Berea,7, iThemba Property,103,Apartment,0,April,0
479,None,72, None,58,None,1,None,9
480,Rosettenville,95, Trafalgar Property Management,93,Apartment,0,January,4
481,None,72, None,58,None,1,None,9
482,None,72, None,58,None,1,None,9
483,Highlands North,37, Amour Properties,8,Apartment,0,February,3
484,Alan Manor,1, Harcourts Falcons,38,Townhouse,2,March,7
485,None,72, None,58,None,1,None,9
486,None,72, None,58,None,1,None,9
487,Johannesburg Central,41, Mafadi Property Management Office,52,Apartment,0,March,7
488,Riviera,90, Chas Everitt Hyde Park,20,Apartment,0,April,0
489,Berea,7, Trafalgar Property Management,93,Apartment,0,January,4
490,None,72, None,58,None,1,None,9
491,South Hills,100, AFHCO Africa Housing Company,3,Apartment,0,May,8
492,Maboneng,53, iThemba Property,103,Apartment,0,April,0
493,None,72, None,58,None,1,None,9
494,None,72, None,58,None,1,None,9
495,Houghton Estate,39, Rental,83,Apartment,0,March,7
496,Melrose Estate,58, Infinite Property Network Dynamyx,40,Apartment,0,November,10
497,None,72,  ,1,None,1,None,9
498,None,72, None,58,None,1,None,9
499,Marshalltown,55, iThemba Property,103,Apartment,0,April,0
500,None,72, None,58,None,1,None,9
501,Marshalltown,55, Redcon Property Management,80,Apartment,0,May,8
502,Oaklands,75, Frankie Bell's Real Estate,36,Apartment,0,March,7
503,Claremont,19, Jawitz Constantia,42,Apartment,0,March,7
504,None,72,  ,1,None,1,None,9
505,Braampark,15, Trafalgar Property Management,93,Apartment,0,March,7
506,Marshalltown,55, Framework Property Services,35,Apartment,0,April,0
507,Berea,7, Trafalgar Property Management,93,Apartment,0,January,4
508,None,72, None,58,None,1,None,9
509,None,72,  ,1,None,1,None,9
510,None,72,  ,1,None,1,None,9
511,Dunkeld,27, Property.CoZa - Randburg,69,Townhouse,2,January,4
512,Melrose Arch,57, Ezyprop,33,Apartment,0,November,10
513,Westdene,111, Skye Letting,89,Townhouse,2,February,3
514,Berea,7, Trafalgar Property Management,93,Apartment,0,March,7
515,Rosebank,94, You Realty,100,Apartment,0,February,3
516,Melrose North,59, You Realty,100,Townhouse,2,March,7
517,New Doornfontein,68, iThemba Property,103,Apartment,0,April,0
518,Orchards,79, Rental,83,Apartment,0,April,0
519,Marshalltown,55, Chorus Letting,22,Apartment,0,September,12
520,None,72, None,58,None,1,None,9
521,Rosebank,94, Tyson Properties Fourways,94,Apartment,0,March,7
522,None,72, None,58,None,1,None,9
523,Rosebank,94, Jawitz Johannesburg North,43,Townhouse,2,March,7
524,Auckland Park,4, Skye Letting,89,Townhouse,2,February,3
525,Oaklands,75, Infinite Property Network Dynamyx,40,Apartment,0,April,0
526,Marshalltown,55, Framework Property Services,35,Apartment,0,April,0
527,Meredale,61, IHS Property Management,39,Apartment,0,May,8
528,None,72, None,58,None,1,None,9
529,None,72, None,58,None,1,None,9
530,Johannesburg Central,41, iThemba Property,103,Apartment,0,April,0
531,None,72,  ,1,None,1,None,9
532,Rosebank,94, Frankie Bell's Real Estate,36,Apartment,0,November,10
533,Johannesburg Central,41, B-Sure Properties - Bedfordview,11,Apartment,0,September,12
534,Auckland Park,4, Skye Letting,89,Apartment,0,February,3
535,Melrose Arch,57, Dogon Group Sandton,26,Apartment,0,January,4
536,Hillbrow,38, Framework Property Services,35,Apartment,0,March,7
537,Kensington,45, Jawitz Bedfordview,41,Townhouse,2,March,7
538,None,72, None,58,None,1,None,9
539,Berea,7, Framework Property Services,35,Apartment,0,February,3
540,Rosebank,94, RE/MAX Advantage,75,Apartment,0,January,4
541,None,72, None,58,None,1,None,9
542,Dunkeld,27, Frankie Bell's Real Estate,36,Apartment,0,February,3
543,Hillbrow,38, Mafadi Property Management Office,52,Apartment,0,March,7
544,Auckland Park,4, Skye Letting,89,Apartment,0,February,3
545,None,72,  ,1,None,1,None,9
546,Rosebank,94, You Realty,100,Apartment,0,March,7
547,Marshalltown,55, Redcon Property Management,80,Apartment,0,May,8
548,Killarney,47, Key Location,46,Apartment,0,February,3
549,Dunkeld West,28, CP Inc Realtors,16,Apartment,0,February,3
550,None,72, None,58,None,1,None,9
551,Dunkeld,27, Jawitz Johannesburg North,43,Apartment,0,March,7
552,Parkwood,86, Property.CoZa - Randburg,69,Apartment,0,November,10
553,City & Suburban,18, iThemba Property,103,Apartment,0,April,0
554,None,72, None,58,None,1,None,9
555,Jeppestown,40, Mafadi Property Management Office,52,Apartment,0,April,0
556,"Johannesburg Central - Johannesburg; RE/MAX, Superior",42, ,0,Apartment,0,None,9
557,Oakdene,74, PropertyCloud,72,Townhouse,2,December,2
558,None,72, None,58,None,1,None,9
559,Auckland Park,4, Skye Letting,89,Apartment,0,February,3
560,Houghton Estate,39, Debro Estates,25,Apartment,0,May,8
561,None,72, None,58,None,1,None,9
562,Maboneng,53, Rental,83,Apartment,0,March,7
563,Rossmore,97, Trafalgar Property Management,93,Apartment,0,April,0
564,"Rosettenville - Johannesburg; RE/MAX, Superior",96, ,0,Apartment,0,None,9
565,Craighall,22, Firzt Realty Company Firzt Realty Company,34,Apartment,0,December,2
566,Auckland Park,4, Property Runners and Rent Runners Pty Ltd,66,Apartment,0,February,3
567,None,72, None,58,None,1,None,9
568,Johannesburg Central,41, Sotheby's International Realty - Craighall,90,Apartment,0,October,11
569,Steeledale,101, AFHCO Africa Housing Company,3,Apartment,0,May,8
570,Waverley,109, Jawitz Johannesburg North,43,Apartment,0,April,0
571,None,72, None,58,None,1,None,9
572,The Gardens,103, Rental,83,Apartment,0,January,4
573,South Hills,100, AFHCO Africa Housing Company,3,Apartment,0,May,8
574,None,72,Apartment / flat to rent in Johannesburg Central - Johannesburg,109,None,1,None,9
575,South Hills,100, ,0,Apartment,0,None,9
576,None,72, None,58,None,1,None,9
577,None,72, None,58,None,1,None,9
578,City & Suburban,18, iThemba Property,103,Apartment,0,April,0
579,Auckland Park,4, National Letting - Johannesburg,55,Apartment,0,November,10
580,None,72,  ,1,None,1,None,9
581,South Hills,100, ,0,Townhouse,2,None,9
582,None,72, None,58,None,1,None,9
583,Regents Park,87, Mafadi Property Management Office,52,Apartment,0,February,3
584,Linmeyer,52, Alpha Rentals,7,Townhouse,2,May,8
585,Johannesburg Central,41, Mafadi Property Management Office,52,Apartment,0,April,0
586,None,72, None,58,None,1,None,9
587,None,72,  ,1,None,1,None,9
588,Dunkeld West,28, Frankie Bell's Real Estate,36,Apartment,0,January,4
589,Rosebank,94, RE/MAX Advantage,75,Apartment,0,January,4
590,Hillbrow,38, iThemba Property,103,Apartment,0,April,0
591,None,72, None,58,None,1,None,9
592,Observatory,76, Jawitz Bedfordview,41,Apartment,0,September,12
593,Houghton Estate,39, Chas Everitt Hyde Park,20,Apartment,0,January,4
594,Hillbrow,38, Mafadi Property Management Office,52,Apartment,0,March,7
595,None,72, None,58,None,1,None,9
596,Birdhaven,9, Chas Everitt Hyde Park,20,Apartment,0,October,11
597,None,72, None,58,None,1,None,9
598,None,72,  ,1,None,1,None,9
599,Rosebank,94, You Realty,100,Apartment,0,February,3
600,"Roodepoort - Johannesburg; RE/MAX, Superior",93, ,0,Townhouse,2,None,9
601,Observatory,76, Rental,83,Apartment,0,March,7
602,None,72, None,58,None,1,None,9
603,None,72,Apartment / flat to rent in Fairvale - Johannesburg,106,None,1,None,9
604,Rosebank,94, Chas Everitt Hyde Park,20,Townhouse,2,October,11
605,Johannesburg Central,41, B-Sure Properties - Bedfordview,11,Apartment,0,April,0
606,Dunkeld,27, Firzt Realty Company Firzt Realty Company,34,Apartment,0,December,2
607,Braamfontein,13, Mafadi Property Management Office,52,Apartment,0,January,4
608,Melrose North,59, Chas Everitt Hyde Park,20,Townhouse,2,December,2
609,None,72,  ,1,None,1,None,9
610,Maboneng,53, Lukhanyo Property,51,Apartment,0,January,4
611,None,72,  ,1,None,1,None,9
612,Waverley,109, Chas Everitt Hyde Park,20,Apartment,0,January,4
613,None,72, None,58,None,1,None,9
614,Killarney,47, RE/MAX Advantage,75,Apartment,0,January,4
615,Berea,7, Trafalgar Property Management,93,Apartment,0,March,7
616,None,72,  ,1,None,1,None,9
617,None,72,  ,1,None,1,None,9
618,None,72, None,58,None,1,None,9
619,None,72, None,58,None,1,None,9
620,"Rosettenville - Johannesburg; RE/MAX, Superior",96, ,0,Apartment,0,None,9
621,None,72, None,58,None,1,None,9
622,Rosebank,94, Chas Everitt Hyde Park,20,Apartment,0,November,10
623,None,72, None,58,None,1,None,9
624,"Mondeor - Johannesburg; RE/MAX, Superior",64, ,0,Townhouse,2,None,9
625,None,72, None,58,None,1,None,9
626,None,72, Beds,12,None,1,None,9
627,Auckland Park,4, Sotheby's International Realty - Craighall,90,Apartment,0,October,11
628,Auckland Park,4, Rental,83,Apartment,0,February,3
629,Doornfontein,26, Mafadi Property Management Office,52,Apartment,0,April,0
630,None,72, None,58,None,1,None,9
631,Braamfontein,13, Nkosi Property Group Office,57,Apartment,0,August,1
632,Rosebank,94, Engel & Volkers Hyde Park,30,Apartment,0,May,8
633,None,72, None,58,None,1,None,9
634,None,72,Apartment / flat to rent in Glenhazel - Johannesburg,108,None,1,None,9
635,Johannesburg Central,41, Mafadi Property Management Office,52,Apartment,0,March,7
636,"Johannesburg Central - Johannesburg; RE/MAX, Superior",42, ,0,Apartment,0,None,9
637,None,72,  ,1,None,1,None,9
638,Yeoville,114, Trafalgar Property Management,93,Apartment,0,February,3
639,Norwood,73, You Realty,100,Townhouse,2,January,4
640,Rosebank,94, Frankie Bell's Real Estate,36,Apartment,0,April,0
641,Berea,7, Mafadi Property Management Office,52,Apartment,0,March,7
642,None,72, None,58,None,1,None,9
643,None,72, None,58,None,1,None,9
644,None,72,  ,1,None,1,None,9
645,None,72, None,58,None,1,None,9
646,None,72, None,58,None,1,None,9
647,Melrose,56, Jawitz Johannesburg North,43,Townhouse,2,March,7
648,Auckland Park,4, National Letting - Johannesburg,55,Apartment,0,November,10
649,New Doornfontein,68, iThemba Property,103,Apartment,0,April,0
650,None,72, None,58,None,1,None,9
651,Johannesburg Central,41, Chorus Letting,22,Apartment,0,September,12
652,Rosebank,94, Infinite Property Network Dynamyx,40,Apartment,0,September,12
653,Braamfontein Werf,14, National Letting - Johannesburg,55,Apartment,0,November,10
654,None,72,  ,1,None,1,None,9
655,Rosebank,94, Chas Everitt Hyde Park,20,Apartment,0,October,11
656,Auckland Park,4, Skye Letting,89,Apartment,0,December,2
657,None,72,None,114,None,1,None,9
658,Houghton Estate,39, Amour Properties,8,Apartment,0,None,9
659,Oaklands,75, RE/MAX Masters - Bryanston,77,Townhouse,2,None,9
660,Waverley,109, Blue Living Properties,13,Apartment,0,None,9
661,Killarney,47, Leapfrog JHB North East,48,Apartment,0,None,9
662,Braamfontein,13, Nkosi Property Group Office,57,Apartment,0,None,9
663,Melrose Arch,57, Chas Everitt Hyde Park,20,Apartment,0,None,9
664,Naturena,67, 2LetNow - JHB,2,Apartment,0,None,9
665,Houghton Estate,39, Chas Everitt Hyde Park,20,Apartment,0,None,9
666,Sandringham,98, Leapfrog JHB North East,48,Townhouse,2,None,9
667,Melrose Arch,57, Pam Golding Properties - Melrose Arch Letting,64,Apartment,0,None,9
668,Bassonia,5, Landstar Property Solutions,47,Apartment,0,None,9
669,Braamfontein,13, Nkosi Property Group Office,57,Apartment,0,None,9
670,Rosettenville,95, Landstar Property Solutions,47,Apartment,0,None,9
671,Braamfontein,13, Nkosi Property Group Office,57,Apartment,0,None,9
672,Glenvista,35, Pam Golding Properties - Johannesburg South Rentals,63,Townhouse,2,None,9
673,Alan Manor,1, 2LetNow - JHB,2,Apartment,0,None,9
674,Parktown,83, Pam Golding Properties - Hyde Park Letting,62,Apartment,0,None,9
675,Houghton Estate,39, CP Inc Realtors,16,Apartment,0,None,9
676,Oakdene,74, Leapfrog Pretoria East,49,Apartment,0,None,9
677,Coronationville,21, RE/MAX Town and Country,78,Apartment,0,None,9
678,Newtown,71, Arthouse Properties,9,Apartment,0,None,9
679,Oakdene,74, Landstar Property Solutions,47,Apartment,0,None,9
680,Victoria,107, Amour Properties,8,Apartment,0,None,9
681,Auckland Park,4, EA Properties,28,Apartment,0,None,9
682,Craighall Park,23, Ennik Estates Johannesburg,31,Apartment,0,None,9
683,Oakdene,74, Landstar Property Solutions,47,Apartment,0,None,9
684,Oakdene,74, Landstar Property Solutions,47,Apartment,0,None,9
685,Oakdene,74, Landstar Property Solutions,47,Apartment,0,None,9
686,Alveda,3, 2LetNow - JHB,2,Apartment,0,None,9
687,Oakdene,74, Landstar Property Solutions,47,Apartment,0,None,9
688,Houghton Estate,39, Leapfrog JHB North East,48,Apartment,0,None,9
689,Oakdene,74, Landstar Property Solutions,47,Apartment,0,None,9
690,Oakdene,74, Landstar Property Solutions,47,Apartment,0,None,9
691,Dunkeld West,28, Pam Golding Properties - Hyde Park Letting,62,Apartment,0,None,9
692,Bramley,16, RE/MAX Advantage,75,Apartment,0,None,9
693,Craighall,22, Rent - A - Property,82,Apartment,0,None,9
694,Meredale,61, 2LetNow - JHB,2,Apartment,0,None,9
695,Alveda,3, 2LetNow - JHB,2,Apartment,0,None,9
696,Melrose,56, Pam Golding Properties - Hyde Park Letting,62,Apartment,0,None,9
697,Linksfield,51, Leapfrog JHB North East,48,Apartment,0,None,9
698,Melrose North,59, Blue Living Properties,13,Apartment,0,None,9
699,Naturena,67, 2LetNow - JHB,2,Apartment,0,None,9
700,Eltonhill,29, Tyson Properties Fourways,94,Apartment,0,None,9
701,Killarney,47, Blue Living Properties,13,Apartment,0,None,9
702,Houghton Estate,39, Pam Golding Properties - Hyde Park Letting,62,Apartment,0,None,9
703,Naturena,67, 2LetNow - JHB,2,Apartment,0,None,9
704,Winchester Hills,113, Landstar Property Solutions,47,Apartment,0,None,9
705,Ormonde,80, NV Homes,54,Apartment,0,None,9
706,Killarney,47, RE/MAX Advantage,75,Apartment,0,None,9
707,Melrose Arch,57, Chas Everitt Hyde Park,20,Apartment,0,None,9
708,Alveda,3, 2LetNow - JHB,2,Apartment,0,None,9
709,Dunkeld West,28, Pam Golding Properties - Hyde Park Letting,62,Apartment,0,None,9
710,Parktown,83, National Letting - Johannesburg,55,Apartment,0,None,9
711,Melrose,56, Pam Golding Properties - Hyde Park Letting,62,Apartment,0,None,9
712,Houghton Estate,39, Zareena Kara Properties,101,Apartment,0,None,9
713,Parktown,83, Clipper Properties,23,Apartment,0,None,9
714,Craighall Park,23, Blue Living Properties,13,Apartment,0,None,9
715,Auckland Park,4, National Letting - Johannesburg,55,Apartment,0,None,9
716,Oakdene,74, Landstar Property Solutions,47,Apartment,0,None,9
717,Devland,25, Chas Everitt Soweto,21,Apartment,0,None,9
718,Kenilworth,44, Landstar Property Solutions,47,Apartment,0,None,9
719,Joubert Park,43, Mamela Estates,53,Apartment,0,None,9
720,Park Central,81, Rowcor Properties Eleanor Jacobs,84,Apartment,0,None,9
721,Rosebank,94, Pam Golding Properties - Hyde Park Letting,62,Apartment,0,None,9
722,Houghton Estate,39, Pam Golding Properties - Hyde Park Letting,62,Apartment,0,None,9
723,Dunkeld,27, Pam Golding Properties - Hyde Park Letting,62,Apartment,0,None,9
724,Alan Manor,1, Landstar Property Solutions,47,Apartment,0,None,9
725,Norwood,73, Zulberg Estates,102,Apartment,0,None,9
726,Melrose North,59, Pam Golding Properties - Hyde Park Letting,62,Apartment,0,None,9
727,Robertsham,91, Landstar Property Solutions,47,Apartment,0,None,9
728,Oakdene,74, Landstar Property Solutions,47,Apartment,0,None,9
729,Kibler Park,46, 2LetNow - JHB,2,Apartment,0,None,9
730,Killarney,47, Blue Living Properties,13,Apartment,0,None,9
731,Booysens,11, Landstar Property Solutions,47,Apartment,0,None,9
732,Kensington,45, Wanda Bollo Estates,98,Apartment,0,None,9
733,Killarney,47, RE/MAX Advantage,75,Apartment,0,None,9
734,Killarney,47, Ennik Estates Johannesburg,31,Apartment,0,None,9
735,Kibler Park,46, 2LetNow - JHB,2,Apartment,0,None,9
736,Melrose Estate,58, Blue Living Properties,13,Apartment,0,None,9
737,Dunkeld,27, Pam Golding Properties - Hyde Park Letting,62,Apartment,0,None,9
738,Whitney Gardens,112, O-Yes Properties,59,Townhouse,2,None,9
739,Melrose,56, DBS Realtors,24,Apartment,0,None,9
740,Johannesburg Central,41, Johannesburg Housing Company,44,Townhouse,2,None,9
741,Johannesburg Central,41, AFHCO Africa Housing Company,3,Apartment,0,None,9
742,Melrose Arch,57, Pam Golding Properties - Gauteng Projects,61,Apartment,0,None,9
743,Booysens,11, Landstar Property Solutions,47,Apartment,0,None,9
744,Turffontein,105, Landstar Property Solutions,47,Apartment,0,None,9
745,Turffontein,105, Landstar Property Solutions,47,Apartment,0,None,9
746,Johannesburg Central,41, AFHCO Africa Housing Company,3,Apartment,0,None,9
747,Melrose,56, DBS Realtors,24,Apartment,0,None,9
748,Alveda,3, 2LetNow - JHB,2,Apartment,0,None,9
749,Melrose Estate,58, Blue Living Properties,13,Apartment,0,None,9
750,Jeppestown,40, Johannesburg Housing Company,44,Townhouse,2,None,9
751,Killarney,47, Clipper Properties,23,Apartment,0,None,9
752,Booysens,11, Landstar Property Solutions,47,Apartment,0,None,9
753,Johannesburg Central,41, 2LetNow - JHB,2,Apartment,0,None,9
754,Glenanda,33, RE/MAX Advantage,75,Apartment,0,None,9
755,Craighall Park,23, Rowcor Properties Eleanor Jacobs,84,Apartment,0,None,9
756,Melrose Arch,57, Pam Golding Properties - Gauteng Projects,61,Apartment,0,None,9
757,Braamfontein,13, AFHCO Africa Housing Company,3,Apartment,0,None,9
758,Orchards,79, Adrienne Hersch Properties,4,Townhouse,2,None,9
759,Glenhazel,34, Pam Golding Properties - East Rand Rentals,60,Apartment,0,None,9
760,Melrose Arch,57, Pam Golding Properties - Gauteng Projects,61,Apartment,0,None,9
761,Johannesburg Central,41, AFHCO Africa Housing Company,3,Apartment,0,None,9
762,Melrose Arch,57, Pam Golding Properties - Gauteng Projects,61,Apartment,0,None,9
763,Killarney,47, Pam Golding Properties - Hyde Park Letting,62,Apartment,0,None,9
764,Booysens,11, Landstar Property Solutions,47,Apartment,0,None,9
765,Booysens,11, Landstar Property Solutions,47,Apartment,0,None,9
766,Houghton Estate,39, Pam Golding Properties - Hyde Park Letting,62,Apartment,0,None,9
767,Houghton Estate,39, Amour Properties,8,Apartment,0,None,9
768,Houghton Estate,39, Pam Golding Properties - Hyde Park Letting,62,Apartment,0,None,9
769,Houghton Estate,39, Alan Becker Properties,5,Apartment,0,None,9
770,Eltonhill,29, Rowcor Properties Eleanor Jacobs,84,Apartment,0,None,9
771,Rosettenville,95, Landstar Property Solutions,47,Apartment,0,None,9
772,Turffontein,105, Landstar Property Solutions,47,Apartment,0,None,9
773,Riviera,90, Rowcor Properties Eleanor Jacobs,84,Townhouse,2,None,9
774,Melrose Arch,57, Pam Golding Properties - Gauteng Projects,61,Apartment,0,None,9
775,Rosebank,94, Blue Living Properties,13,Apartment,0,None,9
776,Braamfontein,13, Nkosi Property Group Office,57,Apartment,0,None,9
777,Winchester Hills,113, Landstar Property Solutions,47,Apartment,0,None,9
778,Melrose Arch,57, Vered Estates,97,Apartment,0,None,9
779,Melrose Arch,57, Pam Golding Properties - Gauteng Projects,61,Apartment,0,None,9
780,Rosettenville,95, Landstar Property Solutions,47,Apartment,0,None,9
781,Johannesburg Central,41, AFHCO Africa Housing Company,3,Apartment,0,None,9
782,Rosettenville,95, Landstar Property Solutions,47,Apartment,0,None,9
783,Killarney,47, National Letting - Johannesburg,55,Apartment,0,None,9
784,Fordsburg,31, Johannesburg Housing Company,44,Townhouse,2,None,9
785,Auckland Park,4, National Letting - Johannesburg,55,Apartment,0,None,9
786,Rosettenville,95, Landstar Property Solutions,47,Apartment,0,None,9
787,Oaklands,75, Engel & Volkers Hyde Park,30,Apartment,0,None,9
788,Dunkeld West,28, Adrienne Hersch Properties,4,Townhouse,2,None,9
789,Mulbarton,66, Chas Everitt Glenvista,19,Townhouse,2,None,9
790,Linmeyer,52, Landstar Property Solutions,47,Apartment,0,None,9
791,Linmeyer,52, Landstar Property Solutions,47,Apartment,0,None,9
792,Rosettenville,95, Landstar Property Solutions,47,Apartment,0,None,9
793,Glenvista,35, Landstar Property Solutions,47,Apartment,0,None,9
794,Haddon,36, Landstar Property Solutions,47,Apartment,0,None,9
795,Braamfontein,13, RE/MAX Advantage,75,Apartment,0,None,9
796,Braamfontein,13, Rental,83,Apartment,0,None,9
797,Turffontein,105, Landstar Property Solutions,47,Apartment,0,None,9
798,Melrose Arch,57, Pam Golding Properties - Melrose Arch Letting,64,Apartment,0,None,9
799,Melrose Arch,57, Pam Golding Properties - Gauteng Projects,61,Apartment,0,None,9
800,Craighall Park,23, O-Yes Properties,59,Apartment,0,None,9
801,Rosebank,94, Chas Everitt Hyde Park,20,Apartment,0,None,9
802,Bramley,16, Engel & Volkers Hyde Park,30,Apartment,0,None,9
803,Melrose Arch,57, Engel & Volkers Bryanston & Sandton,29,Townhouse,2,None,9
804,Orange Grove,78, Amour Properties,8,Apartment,0,None,9
805,Melrose,56, DBS Realtors,24,Apartment,0,None,9
806,Jeppestown,40, Engel & Volkers Hyde Park,30,Apartment,0,None,9
807,Melrose Arch,57, Pam Golding Properties - Gauteng Projects,61,Apartment,0,None,9
808,Winchester Hills,113, Landstar Property Solutions,47,Apartment,0,None,9
809,Melrose Arch,57, Vered Estates,97,Apartment,0,None,9
810,Melrose Arch,57, Vered Estates,97,Apartment,0,None,9
811,Meredale,61, 2LetNow - JHB,2,Apartment,0,None,9
812,Maboneng,53, Chorus Letting,22,Apartment,0,None,9
813,Rosettenville,95, Landstar Property Solutions,47,Apartment,0,None,9
814,Liefde En Vrede,49, Landstar Property Solutions,47,Apartment,0,None,9
815,Dunkeld,27, Adrienne Hersch Properties,4,Apartment,0,None,9
816,Dunkeld,27, Engel & Volkers Hyde Park,30,Apartment,0,None,9
817,Dunkeld West,28, Pam Golding Properties - Hyde Park Letting,62,Apartment,0,None,9
818,Craighall,22, Pam Golding Properties - Hyde Park Letting,62,Apartment,0,None,9
819,Aeroton,0, Landstar Property Solutions,47,Apartment,0,None,9
820,Auckland Park,4, National Letting - Johannesburg,55,Apartment,0,None,9
821,Maboneng,53, Chorus Letting,22,Apartment,0,None,9
822,Bruma,17, Trading Spaces Property Group,92,Apartment,0,None,9
823,Craighall Park,23, EA Properties,28,Apartment,0,None,9
824,Johannesburg Central,41, Johannesburg Housing Company,44,Townhouse,2,None,9
825,Maboneng,53, Chorus Letting,22,Apartment,0,None,9
826,Rosebank,94, The Property Collection,91,Apartment,0,None,9
